{"stats":{"minecraft:mined":{"minecraft:white_bed":7,"minecraft:yellow_bed":7},"minecraft:custom":{"minecraft:play_one_minute":16281713,"minecraft:leave_game":183,"minecraft:time_since_death":15978476,"minecraft:time_since_rest":15978511,"minecraft:sprint_one_cm":2292959,"minecraft:walk_one_cm":15414681,"minecraft:damage_dealt":236,"minecraft:swim_one_cm":1508,"minecraft:fly_one_cm":101706928,"minecraft:open_chest":16,"minecraft:crouch_one_cm":1208993,"minecraft:deaths":6,"minecraft:sneak_time":1135383,"minecraft:walk_under_water_one_cm":4727,"minecraft:jump":19001,"minecraft:walk_on_water_one_cm":6824},"minecraft:picked_up":{"minecraft:stripped_oak_log":9,"minecraft:spruce_leaves":1,"minecraft:wheat":7,"minecraft:dark_oak_button":1,"minecraft:redstone_block":5,"minecraft:water_bucket":1,"minecraft:potato":43,"minecraft:oak_stairs":4,"minecraft:oak_log":14,"minecraft:acacia_button":1,"minecraft:dirt":23,"minecraft:lantern":10,"minecraft:beetroot":1,"minecraft:apple":2,"minecraft:wheat_seeds":30,"minecraft:spruce_wood":1,"minecraft:redstone_torch":3,"minecraft:cobblestone_slab":1,"minecraft:poppy":2,"minecraft:oak_planks":52,"minecraft:oak_door":4,"minecraft:torch":35,"minecraft:dandelion":3,"minecraft:grass_block":1,"minecraft:carrot":44,"minecraft:mossy_cobblestone":4,"minecraft:yellow_carpet":2,"minecraft:beetroot_seeds":2,"minecraft:spruce_sign":4,"minecraft:emerald":2,"minecraft:white_terracotta":15,"minecraft:cobblestone":18},"minecraft:used":{"minecraft:oak_fence":2,"minecraft:purpur_block":42,"minecraft:water_bucket":99,"minecraft:mossy_stone_bricks":236,"minecraft:iron_ore":5,"minecraft:iron_bars":96,"minecraft:enchanting_table":3,"minecraft:flint_and_steel":3,"minecraft:birch_leaves":1,"minecraft:armor_stand":3,"minecraft:polished_andesite":524,"minecraft:dark_oak_sign":1,"minecraft:oak_planks":1,"minecraft:poppy":1,"minecraft:chest":3,"minecraft:stone":1558,"minecraft:black_glazed_terracotta":19,"minecraft:redstone_block":17,"minecraft:spruce_sign":7,"minecraft:quartz_stairs":6,"minecraft:cobblestone_slab":24,"minecraft:gold_ore":4,"minecraft:cracked_stone_bricks":1446,"minecraft:spruce_leaves":967586,"minecraft:soul_campfire":8,"minecraft:torch":1,"minecraft:diamond_block":28,"minecraft:infested_chiseled_stone_bricks":9,"minecraft:tnt":60,"minecraft:birch_sign":1,"minecraft:orange_wool":182,"minecraft:light_gray_glazed_terracotta":25,"minecraft:acacia_button":1,"minecraft:stone_brick_wall":465,"minecraft:cake":1,"minecraft:redstone_torch":48,"minecraft:glass":81,"minecraft:stone_brick_slab":240,"minecraft:black_wool":42817,"minecraft:sea_lantern":6,"minecraft:lava_bucket":3,"minecraft:coal_ore":5,"minecraft:bookshelf":40,"minecraft:acacia_sign":1,"minecraft:command_block":6,"minecraft:quartz_slab":105,"minecraft:spruce_wood":323954,"minecraft:lantern":139,"minecraft:grass_block":12580,"minecraft:oak_button":1,"minecraft:cyan_carpet":1,"minecraft:polished_andesite_stairs":21,"minecraft:stone_slab":19,"minecraft:smooth_quartz":98,"minecraft:dark_oak_button":3,"minecraft:iron_door":10,"minecraft:spruce_sapling":12,"minecraft:stone_brick_stairs":29,"minecraft:stone_bricks":8019,"minecraft:bedrock":2,"minecraft:birch_button":6,"minecraft:jungle_sign":1,"minecraft:glowstone":28,"minecraft:cobblestone":1182,"minecraft:snow":1,"minecraft:iron_trapdoor":7,"minecraft:cyan_banner":2,"minecraft:skeleton_skull":17,"minecraft:podzol":28,"minecraft:andesite":216,"minecraft:gold_block":20,"minecraft:bucket":41,"minecraft:lapis_block":99,"minecraft:chain":2,"minecraft:smooth_stone_slab":155,"minecraft:wither_rose":2,"minecraft:end_portal_frame":6,"minecraft:cooked_beef":2,"minecraft:mossy_stone_brick_wall":143,"minecraft:smooth_stone":504,"minecraft:bone_meal":13,"minecraft:cobweb":4}},"DataVersion":2578}